task id,run #,individual,model 1,model 2,model 3,model 4,model 5,model 6,model 7,model 8
2073,1,0.7114093959731543,0.7046979865771812,0.6912751677852349,0.6577181208053692,0.6912751677852349,0.7046979865771812,0.6912751677852349,0.7114093959731543,0.7046979865771812
