task id,run #,individual,model 1,model 2,model 3,model 4,model 5,model 6,model 7,model 8
2073,8,0.7114093959731543,0.6711409395973155,0.6912751677852349,0.6442953020134228,0.6711409395973155,0.6510067114093959,0.7114093959731543,0.6711409395973155,0.697986577181208
