task id,run #,individual,model 1,model 2,model 3,model 4,model 5,model 6
2073,1,0.7114093959731543,0.697986577181208,0.697986577181208,0.697986577181208,0.697986577181208,0.697986577181208,0.697986577181208
