task id,run #,individual,model 1,model 2,model 3,model 4,model 5,model 6
168784,2,0.841025641025641,0.841025641025641,0.841025641025641,0.4717948717948718,0.5692307692307692,0.4717948717948718,0.8358974358974359
