task id,run #,individual,model 1,model 2,model 3,model 4,model 5,model 6,model 7,model 8
168784,10,0.8256410256410256,0.8256410256410256,0.8461538461538461,0.8051282051282052,0.8153846153846154,0.8102564102564103,0.8205128205128205,0.8256410256410256,0.8461538461538461
