task id,run #,individual,model 1,model 2,model 3,model 4,model 5,model 6
190146,12,0.8941176470588236,0.8588235294117647,0.8588235294117647,0.8588235294117647,0.8941176470588236,0.8588235294117647,0.8588235294117647
