task id,run #,individual,model 1,model 2,model 3,model 4,model 5,model 6
359959,5,0.6081081081081081,0.6013513513513513,0.5675675675675675,0.6013513513513513,0.5743243243243243,0.6148648648648649,0.6013513513513513
