task id,run #,individual,model 1,model 2,model 3,model 4,model 5,model 6
190146,1,0.9058823529411765,0.8588235294117647,0.8705882352941177,0.8470588235294118,0.8588235294117647,0.8470588235294118,0.8470588235294118
