task id,run #,individual,model 1,model 2,model 3,model 4,model 5,model 6,model 7,model 8
190146,1,0.9058823529411765,0.8352941176470589,0.8705882352941177,0.8823529411764706,0.8823529411764706,0.8705882352941177,0.8823529411764706,0.8352941176470589,0.8705882352941177
