task id,run #,individual,model 1,model 2,model 3,model 4,model 5,model 6,model 7,model 8
359959,8,0.6216216216216216,0.5945945945945946,0.5945945945945946,0.5945945945945946,0.5945945945945946,0.6081081081081081,0.5878378378378378,0.6081081081081081,0.5743243243243243
