task id,run #,individual,model 1,model 2,model 3,model 4,model 5,model 6,model 7,model 8
190146,8,0.8705882352941177,0.8705882352941177,0.8705882352941177,0.8588235294117647,0.8705882352941177,0.8588235294117647,0.8588235294117647,0.8588235294117647,0.8705882352941177
